{
    "projectFileVersion": "2022-05-01",
    "stringIndexType": "Utf16CodeUnit",
    "metadata": {
      "projectName": "LoanAgreement",
      "storageInputContainerName": "example-data2",
      "projectKind": "CustomEntityRecognition",
      "description": "Trying out custom named entity recognition",
      "language": "en-us",
      "multilingual": false,
      "settings": {}
    },
    "assets": {
      "projectKind": "CustomEntityRecognition",
      "entities": [
        {
          "category": "Date"
        },
        {
          "category": "BorrowerName"
        },
        {
          "category": "BorrowerAddress"
        },
        {
          "category": "BorrowerCity"
        },
        {
          "category": "BorrowerState"
        },
        {
          "category": "LenderName"
        },
        {
          "category": "LenderAddress"
        },
        {
          "category": "LenderCity"
        },
        {
          "category": "LenderState"
        },
        {
          "category": "LoanAmountWords"
        },
        {
          "category": "LoanAmountNumbers"
        },
        {
          "category": "Interest"
        }
      ],
      "documents": [
        {
          "location": "01.txt",
          "language": "en-us",
          "entities": [
            {
              "regionOffset": 0,
              "regionLength": 1793,
              "labels": [
                {
                  "category": "BorrowerAddress",
                  "offset": 200,
                  "length": 13
                },
                {
                  "category": "BorrowerCity",
                  "offset": 223,
                  "length": 9
                },
                {
                  "category": "BorrowerState",
                  "offset": 243,
                  "length": 8
                },
                {
                  "category": "LenderAddress",
                  "offset": 314,
                  "length": 15
                },
                {
                  "category": "LenderCity",
                  "offset": 339,
                  "length": 10
                },
                {
                  "category": "LenderState",
                  "offset": 360,
                  "length": 8
                },
                {
                  "category": "LoanAmountWords",
                  "offset": 446,
                  "length": 66
                },
                {
                  "category": "LoanAmountNumbers",
                  "offset": 514,
                  "length": 11
                },
                {
                  "category": "Interest",
                  "offset": 601,
                  "length": 2
                },
                {
                  "category": "Date",
                  "offset": 5,
                  "length": 9
                },
                {
                  "category": "BorrowerName",
                  "offset": 160,
                  "length": 13
                },
                {
                  "category": "LenderName",
                  "offset": 273,
                  "length": 14
                }
              ]
            }
          ]
        },
        {
          "location": "02.txt",
          "language": "en-us",
          "entities": [
            {
              "regionOffset": 0,
              "regionLength": 1804,
              "labels": [
                {
                  "category": "Date",
                  "offset": 5,
                  "length": 10
                },
                {
                  "category": "BorrowerName",
                  "offset": 161,
                  "length": 12
                },
                {
                  "category": "BorrowerAddress",
                  "offset": 200,
                  "length": 18
                },
                {
                  "category": "BorrowerCity",
                  "offset": 228,
                  "length": 11
                },
                {
                  "category": "BorrowerState",
                  "offset": 251,
                  "length": 12
                },
                {
                  "category": "LenderName",
                  "offset": 284,
                  "length": 10
                },
                {
                  "category": "LenderAddress",
                  "offset": 321,
                  "length": 20
                },
                {
                  "category": "LenderCity",
                  "offset": 351,
                  "length": 9
                },
                {
                  "category": "LenderState",
                  "offset": 371,
                  "length": 8
                },
                {
                  "category": "LoanAmountWords",
                  "offset": 457,
                  "length": 66
                },
                {
                  "category": "LoanAmountNumbers",
                  "offset": 525,
                  "length": 11
                },
                {
                  "category": "Interest",
                  "offset": 612,
                  "length": 2
                }
              ]
            }
          ]
        },
        {
          "location": "03.txt",
          "language": "en-us",
          "entities": [
            {
              "regionOffset": 0,
              "regionLength": 1801,
              "labels": [
                {
                  "category": "Date",
                  "offset": 5,
                  "length": 9
                },
                {
                  "category": "BorrowerName",
                  "offset": 160,
                  "length": 12
                },
                {
                  "category": "BorrowerAddress",
                  "offset": 199,
                  "length": 18
                },
                {
                  "category": "BorrowerCity",
                  "offset": 227,
                  "length": 9
                },
                {
                  "category": "BorrowerState",
                  "offset": 247,
                  "length": 8
                },
                {
                  "category": "LenderName",
                  "offset": 276,
                  "length": 11
                },
                {
                  "category": "LenderAddress",
                  "offset": 314,
                  "length": 19
                },
                {
                  "category": "LenderCity",
                  "offset": 343,
                  "length": 9
                },
                {
                  "category": "LenderState",
                  "offset": 363,
                  "length": 10
                },
                {
                  "category": "LoanAmountWords",
                  "offset": 451,
                  "length": 69
                },
                {
                  "category": "LoanAmountNumbers",
                  "offset": 522,
                  "length": 11
                },
                {
                  "category": "Interest",
                  "offset": 609,
                  "length": 2
                }
              ]
            }
          ]
        },
        {
          "location": "04.txt",
          "language": "en-us",
          "entities": [
            {
              "regionOffset": 0,
              "regionLength": 1786,
              "labels": [
                {
                  "category": "Date",
                  "offset": 5,
                  "length": 9
                },
                {
                  "category": "BorrowerName",
                  "offset": 160,
                  "length": 16
                },
                {
                  "category": "BorrowerAddress",
                  "offset": 203,
                  "length": 18
                },
                {
                  "category": "BorrowerCity",
                  "offset": 231,
                  "length": 6
                },
                {
                  "category": "BorrowerState",
                  "offset": 248,
                  "length": 4
                },
                {
                  "category": "LenderName",
                  "offset": 273,
                  "length": 11
                },
                {
                  "category": "LenderAddress",
                  "offset": 311,
                  "length": 19
                },
                {
                  "category": "LenderCity",
                  "offset": 340,
                  "length": 10
                },
                {
                  "category": "LenderState",
                  "offset": 361,
                  "length": 9
                },
                {
                  "category": "LoanAmountWords",
                  "offset": 448,
                  "length": 57
                },
                {
                  "category": "LoanAmountNumbers",
                  "offset": 507,
                  "length": 11
                },
                {
                  "category": "Interest",
                  "offset": 594,
                  "length": 2
                }
              ]
            }
          ]
        },
        {
          "location": "05.txt",
          "language": "en-us",
          "entities": [
            {
              "regionOffset": 0,
              "regionLength": 1810,
              "labels": [
                {
                  "category": "Date",
                  "offset": 5,
                  "length": 9
                },
                {
                  "category": "BorrowerName",
                  "offset": 160,
                  "length": 11
                },
                {
                  "category": "BorrowerAddress",
                  "offset": 195,
                  "length": 23
                },
                {
                  "category": "BorrowerCity",
                  "offset": 228,
                  "length": 8
                },
                {
                  "category": "BorrowerState",
                  "offset": 247,
                  "length": 10
                },
                {
                  "category": "LenderName",
                  "offset": 278,
                  "length": 12
                },
                {
                  "category": "LenderAddress",
                  "offset": 317,
                  "length": 18
                },
                {
                  "category": "LenderCity",
                  "offset": 345,
                  "length": 16
                },
                {
                  "category": "LenderState",
                  "offset": 372,
                  "length": 12
                },
                {
                  "category": "LoanAmountWords",
                  "offset": 462,
                  "length": 67
                },
                {
                  "category": "LoanAmountNumbers",
                  "offset": 531,
                  "length": 11
                },
                {
                  "category": "Interest",
                  "offset": 618,
                  "length": 2
                }
              ]
            }
          ]
        },
        {
          "location": "06.txt",
          "language": "en-us",
          "entities": [
            {
              "regionOffset": 0,
              "regionLength": 1790,
              "labels": [
                {
                  "category": "Date",
                  "offset": 5,
                  "length": 8
                },
                {
                  "category": "BorrowerAddress",
                  "offset": 165,
                  "length": 49
                },
                {
                  "category": "BorrowerName",
                  "offset": 159,
                  "length": 5
                },
                {
                  "category": "BorrowerCity",
                  "offset": 224,
                  "length": 7
                },
                {
                  "category": "BorrowerState",
                  "offset": 242,
                  "length": 8
                },
                {
                  "category": "LenderName",
                  "offset": 271,
                  "length": 15
                },
                {
                  "category": "LenderAddress",
                  "offset": 313,
                  "length": 14
                },
                {
                  "category": "LenderCity",
                  "offset": 337,
                  "length": 6
                },
                {
                  "category": "LenderState",
                  "offset": 354,
                  "length": 8
                },
                {
                  "category": "LoanAmountWords",
                  "offset": 440,
                  "length": 69
                },
                {
                  "category": "LoanAmountNumbers",
                  "offset": 511,
                  "length": 11
                },
                {
                  "category": "Interest",
                  "offset": 598,
                  "length": 2
                }
              ]
            }
          ]
        },
        {
          "location": "07.txt",
          "language": "en-us",
          "entities": [
            {
              "regionOffset": 0,
              "regionLength": 1814,
              "labels": [
                {
                  "category": "Date",
                  "offset": 5,
                  "length": 9
                },
                {
                  "category": "BorrowerName",
                  "offset": 160,
                  "length": 12
                },
                {
                  "category": "BorrowerAddress",
                  "offset": 199,
                  "length": 26
                },
                {
                  "category": "BorrowerCity",
                  "offset": 235,
                  "length": 10
                },
                {
                  "category": "BorrowerState",
                  "offset": 256,
                  "length": 10
                },
                {
                  "category": "LenderName",
                  "offset": 287,
                  "length": 10
                },
                {
                  "category": "LenderAddress",
                  "offset": 324,
                  "length": 19
                },
                {
                  "category": "LenderCity",
                  "offset": 353,
                  "length": 11
                },
                {
                  "category": "LenderState",
                  "offset": 375,
                  "length": 13
                },
                {
                  "category": "LoanAmountWords",
                  "offset": 466,
                  "length": 67
                },
                {
                  "category": "LoanAmountNumbers",
                  "offset": 535,
                  "length": 11
                },
                {
                  "category": "Interest",
                  "offset": 622,
                  "length": 2
                }
              ]
            }
          ]
        },
        {
          "location": "08.txt",
          "language": "en-us",
          "entities": [
            {
              "regionOffset": 0,
              "regionLength": 1804,
              "labels": [
                {
                  "category": "Date",
                  "offset": 5,
                  "length": 10
                },
                {
                  "category": "BorrowerName",
                  "offset": 161,
                  "length": 11
                },
                {
                  "category": "BorrowerAddress",
                  "offset": 199,
                  "length": 20
                },
                {
                  "category": "BorrowerCity",
                  "offset": 229,
                  "length": 13
                },
                {
                  "category": "BorrowerState",
                  "offset": 253,
                  "length": 14
                },
                {
                  "category": "LenderName",
                  "offset": 288,
                  "length": 12
                },
                {
                  "category": "LenderAddress",
                  "offset": 327,
                  "length": 16
                },
                {
                  "category": "LenderCity",
                  "offset": 353,
                  "length": 9
                },
                {
                  "category": "LenderState",
                  "offset": 373,
                  "length": 14
                },
                {
                  "category": "LoanAmountWords",
                  "offset": 465,
                  "length": 57
                },
                {
                  "category": "LoanAmountNumbers",
                  "offset": 524,
                  "length": 11
                },
                {
                  "category": "Interest",
                  "offset": 611,
                  "length": 3
                }
              ]
            }
          ]
        },
        {
          "location": "09.txt",
          "language": "en-us",
          "entities": [
            {
              "regionOffset": 0,
              "regionLength": 1790,
              "labels": [
                {
                  "category": "Date",
                  "offset": 5,
                  "length": 10
                },
                {
                  "category": "BorrowerName",
                  "offset": 161,
                  "length": 11
                },
                {
                  "category": "BorrowerAddress",
                  "offset": 199,
                  "length": 14
                },
                {
                  "category": "BorrowerCity",
                  "offset": 223,
                  "length": 6
                },
                {
                  "category": "BorrowerState",
                  "offset": 240,
                  "length": 10
                },
                {
                  "category": "LenderName",
                  "offset": 271,
                  "length": 13
                },
                {
                  "category": "LenderAddress",
                  "offset": 311,
                  "length": 18
                },
                {
                  "category": "LenderCity",
                  "offset": 339,
                  "length": 7
                },
                {
                  "category": "LenderState",
                  "offset": 357,
                  "length": 9
                },
                {
                  "category": "LoanAmountWords",
                  "offset": 444,
                  "length": 65
                },
                {
                  "category": "LoanAmountNumbers",
                  "offset": 511,
                  "length": 11
                },
                {
                  "category": "Interest",
                  "offset": 598,
                  "length": 2
                }
              ]
            }
          ]
        },
        {
          "location": "10.txt",
          "language": "en-us",
          "entities": [
            {
              "regionOffset": 0,
              "regionLength": 1795,
              "labels": [
                {
                  "category": "Date",
                  "offset": 5,
                  "length": 9
                },
                {
                  "category": "BorrowerName",
                  "offset": 160,
                  "length": 11
                },
                {
                  "category": "BorrowerAddress",
                  "offset": 198,
                  "length": 18
                },
                {
                  "category": "BorrowerCity",
                  "offset": 226,
                  "length": 7
                },
                {
                  "category": "BorrowerState",
                  "offset": 244,
                  "length": 8
                },
                {
                  "category": "LenderName",
                  "offset": 273,
                  "length": 15
                },
                {
                  "category": "LenderAddress",
                  "offset": 315,
                  "length": 25
                },
                {
                  "category": "LenderCity",
                  "offset": 350,
                  "length": 5
                },
                {
                  "category": "LenderState",
                  "offset": 366,
                  "length": 5
                },
                {
                  "category": "LoanAmountWords",
                  "offset": 449,
                  "length": 65
                },
                {
                  "category": "LoanAmountNumbers",
                  "offset": 516,
                  "length": 11
                },
                {
                  "category": "Interest",
                  "offset": 603,
                  "length": 2
                }
              ]
            }
          ]
        },
        {
          "location": "11.txt",
          "language": "en-us",
          "entities": [
            {
              "regionOffset": 0,
              "regionLength": 1780,
              "labels": [
                {
                  "category": "Date",
                  "offset": 5,
                  "length": 9
                },
                {
                  "category": "BorrowerName",
                  "offset": 160,
                  "length": 13
                },
                {
                  "category": "BorrowerAddress",
                  "offset": 181,
                  "length": 34
                },
                {
                  "category": "BorrowerCity",
                  "offset": 225,
                  "length": 6
                },
                {
                  "category": "BorrowerState",
                  "offset": 242,
                  "length": 8
                },
                {
                  "category": "LenderName",
                  "offset": 271,
                  "length": 12
                },
                {
                  "category": "LenderAddress",
                  "offset": 310,
                  "length": 20
                },
                {
                  "category": "LenderCity",
                  "offset": 340,
                  "length": 8
                },
                {
                  "category": "LenderState",
                  "offset": 359,
                  "length": 11
                },
                {
                  "category": "LoanAmountWords",
                  "offset": 448,
                  "length": 52
                },
                {
                  "category": "LoanAmountNumbers",
                  "offset": 502,
                  "length": 10
                },
                {
                  "category": "Interest",
                  "offset": 588,
                  "length": 2
                }
              ]
            }
          ]
        },
        {
          "location": "12.txt",
          "language": "en-us",
          "entities": [
            {
              "regionOffset": 0,
              "regionLength": 1808,
              "labels": [
                {
                  "category": "Date",
                  "offset": 5,
                  "length": 9
                },
                {
                  "category": "BorrowerName",
                  "offset": 160,
                  "length": 14
                },
                {
                  "category": "BorrowerAddress",
                  "offset": 201,
                  "length": 16
                },
                {
                  "category": "BorrowerCity",
                  "offset": 227,
                  "length": 8
                },
                {
                  "category": "BorrowerState",
                  "offset": 246,
                  "length": 10
                },
                {
                  "category": "LenderName",
                  "offset": 277,
                  "length": 16
                },
                {
                  "category": "LenderAddress",
                  "offset": 320,
                  "length": 24
                },
                {
                  "category": "LenderCity",
                  "offset": 354,
                  "length": 11
                },
                {
                  "category": "LenderState",
                  "offset": 376,
                  "length": 8
                },
                {
                  "category": "LoanAmountWords",
                  "offset": 462,
                  "length": 65
                },
                {
                  "category": "LoanAmountNumbers",
                  "offset": 529,
                  "length": 11
                },
                {
                  "category": "Interest",
                  "offset": 616,
                  "length": 2
                }
              ]
            }
          ]
        },
        {
          "location": "13.txt",
          "language": "en-us",
          "entities": [
            {
              "regionOffset": 0,
              "regionLength": 1808,
              "labels": [
                {
                  "category": "Date",
                  "offset": 5,
                  "length": 9
                },
                {
                  "category": "BorrowerName",
                  "offset": 160,
                  "length": 15
                },
                {
                  "category": "BorrowerAddress",
                  "offset": 202,
                  "length": 22
                },
                {
                  "category": "BorrowerCity",
                  "offset": 234,
                  "length": 10
                },
                {
                  "category": "BorrowerState",
                  "offset": 255,
                  "length": 20
                },
                {
                  "category": "LenderName",
                  "offset": 296,
                  "length": 11
                },
                {
                  "category": "LenderAddress",
                  "offset": 334,
                  "length": 18
                },
                {
                  "category": "LenderCity",
                  "offset": 362,
                  "length": 6
                },
                {
                  "category": "LenderState",
                  "offset": 379,
                  "length": 8
                },
                {
                  "category": "LoanAmountWords",
                  "offset": 465,
                  "length": 62
                },
                {
                  "category": "LoanAmountNumbers",
                  "offset": 529,
                  "length": 11
                },
                {
                  "category": "Interest",
                  "offset": 616,
                  "length": 2
                }
              ]
            }
          ]
        },
        {
          "location": "14.txt",
          "language": "en-us",
          "entities": [
            {
              "regionOffset": 0,
              "regionLength": 1795,
              "labels": [
                {
                  "category": "Date",
                  "offset": 5,
                  "length": 9
                },
                {
                  "category": "BorrowerName",
                  "offset": 160,
                  "length": 14
                },
                {
                  "category": "BorrowerAddress",
                  "offset": 201,
                  "length": 16
                },
                {
                  "category": "BorrowerCity",
                  "offset": 227,
                  "length": 6
                },
                {
                  "category": "BorrowerState",
                  "offset": 244,
                  "length": 12
                },
                {
                  "category": "LenderName",
                  "offset": 277,
                  "length": 14
                },
                {
                  "category": "LenderAddress",
                  "offset": 318,
                  "length": 23
                },
                {
                  "category": "LenderCity",
                  "offset": 351,
                  "length": 4
                },
                {
                  "category": "LenderState",
                  "offset": 366,
                  "length": 8
                },
                {
                  "category": "LoanAmountWords",
                  "offset": 452,
                  "length": 62
                },
                {
                  "category": "LoanAmountNumbers",
                  "offset": 516,
                  "length": 11
                },
                {
                  "category": "Interest",
                  "offset": 603,
                  "length": 2
                }
              ]
            }
          ]
        },
        {
          "location": "15.txt",
          "language": "en-us",
          "entities": [
            {
              "regionOffset": 0,
              "regionLength": 1790,
              "labels": [
                {
                  "category": "Date",
                  "offset": 5,
                  "length": 8
                },
                {
                  "category": "BorrowerName",
                  "offset": 159,
                  "length": 12
                },
                {
                  "category": "BorrowerAddress",
                  "offset": 198,
                  "length": 18
                },
                {
                  "category": "BorrowerCity",
                  "offset": 226,
                  "length": 14
                },
                {
                  "category": "BorrowerState",
                  "offset": 251,
                  "length": 6
                },
                {
                  "category": "LenderName",
                  "offset": 278,
                  "length": 10
                },
                {
                  "category": "LenderAddress",
                  "offset": 315,
                  "length": 20
                },
                {
                  "category": "LenderCity",
                  "offset": 345,
                  "length": 5
                },
                {
                  "category": "LenderState",
                  "offset": 361,
                  "length": 8
                },
                {
                  "category": "LoanAmountWords",
                  "offset": 447,
                  "length": 62
                },
                {
                  "category": "LoanAmountNumbers",
                  "offset": 511,
                  "length": 11
                },
                {
                  "category": "Interest",
                  "offset": 598,
                  "length": 2
                }
              ]
            }
          ]
        },
        {
          "location": "16.txt",
          "language": "en-us",
          "entities": [
            {
              "regionOffset": 0,
              "regionLength": 1830,
              "labels": [
                {
                  "category": "Date",
                  "offset": 5,
                  "length": 8
                },
                {
                  "category": "BorrowerName",
                  "offset": 159,
                  "length": 16
                },
                {
                  "category": "BorrowerAddress",
                  "offset": 202,
                  "length": 21
                },
                {
                  "category": "BorrowerCity",
                  "offset": 233,
                  "length": 7
                },
                {
                  "category": "BorrowerState",
                  "offset": 251,
                  "length": 12
                },
                {
                  "category": "LenderName",
                  "offset": 284,
                  "length": 15
                },
                {
                  "category": "LenderAddress",
                  "offset": 326,
                  "length": 17
                },
                {
                  "category": "LenderCity",
                  "offset": 353,
                  "length": 7
                },
                {
                  "category": "LenderState",
                  "offset": 371,
                  "length": 10
                },
                {
                  "category": "LoanAmountWords",
                  "offset": 459,
                  "length": 53
                },
                {
                  "category": "LoanAmountNumbers",
                  "offset": 514,
                  "length": 10
                },
                {
                  "category": "Interest",
                  "offset": 600,
                  "length": 2
                }
              ]
            }
          ]
        },
        {
          "location": "17.txt",
          "language": "en-us",
          "entities": [
            {
              "regionOffset": 0,
              "regionLength": 1808,
              "labels": [
                {
                  "category": "Date",
                  "offset": 5,
                  "length": 8
                },
                {
                  "category": "BorrowerName",
                  "offset": 159,
                  "length": 12
                },
                {
                  "category": "BorrowerAddress",
                  "offset": 198,
                  "length": 18
                },
                {
                  "category": "BorrowerCity",
                  "offset": 226,
                  "length": 15
                },
                {
                  "category": "BorrowerState",
                  "offset": 252,
                  "length": 9
                },
                {
                  "category": "LenderName",
                  "offset": 282,
                  "length": 12
                },
                {
                  "category": "LenderAddress",
                  "offset": 321,
                  "length": 17
                },
                {
                  "category": "LenderCity",
                  "offset": 348,
                  "length": 13
                },
                {
                  "category": "LenderState",
                  "offset": 372,
                  "length": 10
                },
                {
                  "category": "LoanAmountWords",
                  "offset": 460,
                  "length": 67
                },
                {
                  "category": "LoanAmountNumbers",
                  "offset": 529,
                  "length": 11
                },
                {
                  "category": "Interest",
                  "offset": 616,
                  "length": 2
                }
              ]
            }
          ]
        },
        {
          "location": "18.txt",
          "language": "en-us",
          "entities": [
            {
              "regionOffset": 0,
              "regionLength": 1804,
              "labels": [
                {
                  "category": "Date",
                  "offset": 5,
                  "length": 10
                },
                {
                  "category": "BorrowerName",
                  "offset": 161,
                  "length": 10
                },
                {
                  "category": "BorrowerAddress",
                  "offset": 198,
                  "length": 24
                },
                {
                  "category": "BorrowerCity",
                  "offset": 232,
                  "length": 13
                },
                {
                  "category": "BorrowerState",
                  "offset": 256,
                  "length": 10
                },
                {
                  "category": "LenderName",
                  "offset": 287,
                  "length": 12
                },
                {
                  "category": "LenderAddress",
                  "offset": 326,
                  "length": 18
                },
                {
                  "category": "LenderCity",
                  "offset": 354,
                  "length": 7
                },
                {
                  "category": "LenderState",
                  "offset": 372,
                  "length": 9
                },
                {
                  "category": "LoanAmountWords",
                  "offset": 459,
                  "length": 64
                },
                {
                  "category": "LoanAmountNumbers",
                  "offset": 525,
                  "length": 11
                },
                {
                  "category": "Interest",
                  "offset": 612,
                  "length": 2
                }
              ]
            }
          ]
        },
        {
          "location": "19.txt",
          "language": "en-us",
          "entities": [
            {
              "regionOffset": 0,
              "regionLength": 1814,
              "labels": [
                {
                  "category": "Date",
                  "offset": 5,
                  "length": 9
                },
                {
                  "category": "BorrowerName",
                  "offset": 160,
                  "length": 12
                },
                {
                  "category": "BorrowerAddress",
                  "offset": 199,
                  "length": 16
                },
                {
                  "category": "BorrowerCity",
                  "offset": 225,
                  "length": 10
                },
                {
                  "category": "BorrowerState",
                  "offset": 246,
                  "length": 10
                },
                {
                  "category": "LenderName",
                  "offset": 277,
                  "length": 12
                },
                {
                  "category": "LenderAddress",
                  "offset": 316,
                  "length": 22
                },
                {
                  "category": "LenderCity",
                  "offset": 348,
                  "length": 10
                },
                {
                  "category": "LenderState",
                  "offset": 369,
                  "length": 14
                },
                {
                  "category": "LoanAmountWords",
                  "offset": 461,
                  "length": 72
                },
                {
                  "category": "LoanAmountNumbers",
                  "offset": 535,
                  "length": 11
                },
                {
                  "category": "Interest",
                  "offset": 622,
                  "length": 2
                }
              ]
            }
          ]
        },
        {
          "location": "20.txt",
          "language": "en-us",
          "entities": [
            {
              "regionOffset": 0,
              "regionLength": 1775,
              "labels": [
                {
                  "category": "Date",
                  "offset": 5,
                  "length": 8
                },
                {
                  "category": "BorrowerName",
                  "offset": 159,
                  "length": 10
                },
                {
                  "category": "BorrowerAddress",
                  "offset": 196,
                  "length": 18
                },
                {
                  "category": "BorrowerCity",
                  "offset": 224,
                  "length": 10
                },
                {
                  "category": "BorrowerState",
                  "offset": 245,
                  "length": 8
                },
                {
                  "category": "LenderName",
                  "offset": 274,
                  "length": 10
                },
                {
                  "category": "LenderAddress",
                  "offset": 311,
                  "length": 16
                },
                {
                  "category": "LenderCity",
                  "offset": 337,
                  "length": 7
                },
                {
                  "category": "LenderState",
                  "offset": 355,
                  "length": 12
                },
                {
                  "category": "LoanAmountWords",
                  "offset": 445,
                  "length": 49
                },
                {
                  "category": "LoanAmountNumbers",
                  "offset": 496,
                  "length": 11
                },
                {
                  "category": "Interest",
                  "offset": 583,
                  "length": 2
                }
              ]
            }
          ]
        }
      ]
    }
  }
  
